idx,family,total_score,mean_abs_u_pred,frac_u_ge_5e3,informative_stage_frac,mean_abs_delta_d_pred,reward_bound,horizon,gamma,terminal_reward,step_reward,micro_reward,cfg_json,error
0,dense_chain_cost,9.774408705405346,0.016524553298950195,1.0,1.0,0.00805042340205266,0.02,20,0.95,0.0,-0.02,True,"{""family"": ""dense_chain_cost"", ""n_states"": 20, ""step_reward"": -0.02, ""terminal_reward"": 0.0, ""horizon"": 20, ""gamma"": 0.95, ""reward_bound"": 0.02, ""micro_reward"": true}",
1,dense_chain_cost,8.998708579496906,0.014589803678716332,1.0,1.0,0.0071838119636319,0.02,20,0.97,0.0,-0.02,True,"{""family"": ""dense_chain_cost"", ""n_states"": 20, ""step_reward"": -0.02, ""terminal_reward"": 0.0, ""horizon"": 20, ""gamma"": 0.97, ""reward_bound"": 0.02, ""micro_reward"": true}",
2,dense_chain_cost,9.774408705405346,0.016524553298950195,1.0,1.0,0.00805042340205266,0.05,20,0.95,0.0,-0.05,True,"{""family"": ""dense_chain_cost"", ""n_states"": 20, ""step_reward"": -0.05, ""terminal_reward"": 0.0, ""horizon"": 20, ""gamma"": 0.95, ""reward_bound"": 0.05, ""micro_reward"": true}",
3,dense_chain_cost,9.774408705405346,0.016524553298950195,1.0,1.0,0.00805042340205266,0.1,20,0.95,0.0,-0.1,True,"{""family"": ""dense_chain_cost"", ""n_states"": 20, ""step_reward"": -0.1, ""terminal_reward"": 0.0, ""horizon"": 20, ""gamma"": 0.95, ""reward_bound"": 0.1, ""micro_reward"": true}",
4,dense_chain_cost,9.774408705405346,0.016524553298950195,1.0,1.0,0.00805042340205266,0.2,20,0.95,0.0,-0.2,True,"{""family"": ""dense_chain_cost"", ""n_states"": 20, ""step_reward"": -0.2, ""terminal_reward"": 0.0, ""horizon"": 20, ""gamma"": 0.95, ""reward_bound"": 0.2, ""micro_reward"": true}",
5,dense_chain_cost,5.808371112125851,0.011731306711832682,0.6666666666666666,1.0,0.00571525198781592,0.02,30,0.95,0.0,-0.02,True,"{""family"": ""dense_chain_cost"", ""n_states"": 20, ""step_reward"": -0.02, ""terminal_reward"": 0.0, ""horizon"": 30, ""gamma"": 0.95, ""reward_bound"": 0.02, ""micro_reward"": true}",
6,dense_chain_cost,8.998708579496906,0.014589803678716332,1.0,1.0,0.0071838119636319,0.05,20,0.97,0.0,-0.05,True,"{""family"": ""dense_chain_cost"", ""n_states"": 20, ""step_reward"": -0.05, ""terminal_reward"": 0.0, ""horizon"": 20, ""gamma"": 0.97, ""reward_bound"": 0.05, ""micro_reward"": true}",
7,dense_chain_cost,8.998708579496906,0.014589803678716332,1.0,1.0,0.0071838119636319,0.1,20,0.97,0.0,-0.1,True,"{""family"": ""dense_chain_cost"", ""n_states"": 20, ""step_reward"": -0.1, ""terminal_reward"": 0.0, ""horizon"": 20, ""gamma"": 0.97, ""reward_bound"": 0.1, ""micro_reward"": true}",
8,dense_chain_cost,8.998708579496906,0.014589803678716332,1.0,1.0,0.0071838119636319,0.2,20,0.97,0.0,-0.2,True,"{""family"": ""dense_chain_cost"", ""n_states"": 20, ""step_reward"": -0.2, ""terminal_reward"": 0.0, ""horizon"": 20, ""gamma"": 0.97, ""reward_bound"": 0.2, ""micro_reward"": true}",
9,dense_chain_cost,5.2002448706558635,0.010445288328942398,0.6666666666666666,1.0,0.005143111512220368,0.02,30,0.97,0.0,-0.02,True,"{""family"": ""dense_chain_cost"", ""n_states"": 20, ""step_reward"": -0.02, ""terminal_reward"": 0.0, ""horizon"": 30, ""gamma"": 0.97, ""reward_bound"": 0.02, ""micro_reward"": true}",
10,dense_chain_cost,-1.7854900115613044,0.0008449554443359375,0.05,0.1,0.0004116449600610977,1.02,20,0.95,1.0,-0.02,False,"{""family"": ""dense_chain_cost"", ""n_states"": 20, ""step_reward"": -0.02, ""terminal_reward"": 1.0, ""horizon"": 20, ""gamma"": 0.95, ""reward_bound"": 1.02}",
11,dense_chain_cost,-1.7855041536419458,0.0008440017700195312,0.05,0.1,0.00041118034949669464,2.02,20,0.95,2.0,-0.02,False,"{""family"": ""dense_chain_cost"", ""n_states"": 20, ""step_reward"": -0.02, ""terminal_reward"": 2.0, ""horizon"": 20, ""gamma"": 0.95, ""reward_bound"": 2.02}",
12,dense_chain_cost,-1.783715572491039,0.000843048095703125,0.05,0.1,0.00041510489991473666,1.02,20,0.97,1.0,-0.02,False,"{""family"": ""dense_chain_cost"", ""n_states"": 20, ""step_reward"": -0.02, ""terminal_reward"": 1.0, ""horizon"": 20, ""gamma"": 0.97, ""reward_bound"": 1.02}",
13,dense_chain_cost,-1.617404012379332,0.0012261820704763291,0.05,0.1,0.0005973707522833399,1.05,20,0.95,1.0,-0.05,False,"{""family"": ""dense_chain_cost"", ""n_states"": 20, ""step_reward"": -0.05, ""terminal_reward"": 1.0, ""horizon"": 20, ""gamma"": 0.95, ""reward_bound"": 1.05}",
14,dense_chain_cost,-0.9436942722585454,0.0017241764954558064,0.05,0.4,0.0008399834208630853,1.1,20,0.95,1.0,-0.1,False,"{""family"": ""dense_chain_cost"", ""n_states"": 20, ""step_reward"": -0.1, ""terminal_reward"": 1.0, ""horizon"": 20, ""gamma"": 0.95, ""reward_bound"": 1.1}",
15,dense_chain_cost,-0.9244401409632544,0.002022902170817057,0.16666666666666666,0.3333333333333333,0.0009855164421929254,1.02,30,0.95,1.0,-0.02,False,"{""family"": ""dense_chain_cost"", ""n_states"": 20, ""step_reward"": -0.02, ""terminal_reward"": 1.0, ""horizon"": 30, ""gamma"": 0.95, ""reward_bound"": 1.02}",
16,dense_chain_cost,-1.7836992265146807,0.0008420944213867188,0.05,0.1,0.0004146353242361001,2.02,20,0.97,2.0,-0.02,False,"{""family"": ""dense_chain_cost"", ""n_states"": 20, ""step_reward"": -0.02, ""terminal_reward"": 2.0, ""horizon"": 20, ""gamma"": 0.97, ""reward_bound"": 2.02}",
17,dense_chain_cost,-1.7857098499270034,0.0008449554443359375,0.05,0.1,0.0004116449600610977,2.05,20,0.95,2.0,-0.05,False,"{""family"": ""dense_chain_cost"", ""n_states"": 20, ""step_reward"": -0.05, ""terminal_reward"": 2.0, ""horizon"": 20, ""gamma"": 0.95, ""reward_bound"": 2.05}",
18,dense_chain_cost,-1.6943250521846687,0.0010463702530358588,0.05,0.1,0.000515217840327301,1.05,20,0.97,1.0,-0.05,False,"{""family"": ""dense_chain_cost"", ""n_states"": 20, ""step_reward"": -0.05, ""terminal_reward"": 1.0, ""horizon"": 20, ""gamma"": 0.97, ""reward_bound"": 1.05}",
19,dense_chain_cost,-1.7839522742998926,0.000843048095703125,0.05,0.1,0.00041510489991473666,2.05,20,0.97,2.0,-0.05,False,"{""family"": ""dense_chain_cost"", ""n_states"": 20, ""step_reward"": -0.05, ""terminal_reward"": 2.0, ""horizon"": 20, ""gamma"": 0.97, ""reward_bound"": 2.05}",
20,shaped_chain,-1.7900484188087025,0.0008335113525390625,0.05,0.1,0.0004060696332882612,1.0,20,0.95,1.0,0,False,"{""family"": ""shaped_chain"", ""n_states"": 20, ""intermediate_reward"": 0.05, ""reward_interval"": 3, ""terminal_reward"": 1.0, ""horizon"": 20, ""gamma"": 0.95, ""reward_bound"": 1.0}",
21,shaped_chain,-1.7873185930433546,0.0008392333984375,0.05,0.1,0.0004088572966746795,2.0,20,0.95,2.0,0,False,"{""family"": ""shaped_chain"", ""n_states"": 20, ""intermediate_reward"": 0.05, ""reward_interval"": 3, ""terminal_reward"": 2.0, ""horizon"": 20, ""gamma"": 0.95, ""reward_bound"": 2.0}",
22,shaped_chain,-1.7851930121857316,0.0008373260498046875,0.05,0.1,0.00041228744584291717,1.0,20,0.97,1.0,0,False,"{""family"": ""shaped_chain"", ""n_states"": 20, ""intermediate_reward"": 0.05, ""reward_interval"": 3, ""terminal_reward"": 1.0, ""horizon"": 20, ""gamma"": 0.97, ""reward_bound"": 1.0}",
23,shaped_chain,-1.7856001903826417,0.000843048095703125,0.05,0.1,0.0004107157389322917,1.0,20,0.95,1.0,0,False,"{""family"": ""shaped_chain"", ""n_states"": 20, ""intermediate_reward"": 0.05, ""reward_interval"": 5, ""terminal_reward"": 1.0, ""horizon"": 20, ""gamma"": 0.95, ""reward_bound"": 1.0}",
24,shaped_chain,-2.33455095979827,0.0,0.0,0.0,0.0,1.0,20,0.95,1.0,0,False,"{""family"": ""shaped_chain"", ""n_states"": 20, ""intermediate_reward"": 0.1, ""reward_interval"": 3, ""terminal_reward"": 1.0, ""horizon"": 20, ""gamma"": 0.95, ""reward_bound"": 1.0}",
25,shaped_chain,-2.33455095979827,0.0,0.0,0.0,0.0,1.0,20,0.95,1.0,0,False,"{""family"": ""shaped_chain"", ""n_states"": 20, ""intermediate_reward"": 0.2, ""reward_interval"": 3, ""terminal_reward"": 1.0, ""horizon"": 20, ""gamma"": 0.95, ""reward_bound"": 1.0}",
26,shaped_chain,-0.9317832380525816,0.002006371815999349,0.16666666666666666,0.3333333333333333,0.0009774631924099394,1.0,30,0.95,1.0,0,False,"{""family"": ""shaped_chain"", ""n_states"": 20, ""intermediate_reward"": 0.05, ""reward_interval"": 3, ""terminal_reward"": 1.0, ""horizon"": 30, ""gamma"": 0.95, ""reward_bound"": 1.0}",
27,shaped_chain,-1.785462681555814,0.0008373260498046875,0.05,0.1,0.00041228744584291717,2.0,20,0.97,2.0,0,False,"{""family"": ""shaped_chain"", ""n_states"": 20, ""intermediate_reward"": 0.05, ""reward_interval"": 3, ""terminal_reward"": 2.0, ""horizon"": 20, ""gamma"": 0.97, ""reward_bound"": 2.0}",
28,shaped_chain,-1.7855540096067244,0.000843048095703125,0.05,0.1,0.0004107157389322917,2.0,20,0.95,2.0,0,False,"{""family"": ""shaped_chain"", ""n_states"": 20, ""intermediate_reward"": 0.05, ""reward_interval"": 5, ""terminal_reward"": 2.0, ""horizon"": 20, ""gamma"": 0.95, ""reward_bound"": 2.0}",
29,shaped_chain,-2.0916315007082327,0.00035953521728515625,0.05,0.05,0.00017703003084599064,1.0,20,0.97,1.0,0,False,"{""family"": ""shaped_chain"", ""n_states"": 20, ""intermediate_reward"": 0.05, ""reward_interval"": 5, ""terminal_reward"": 1.0, ""horizon"": 20, ""gamma"": 0.97, ""reward_bound"": 1.0}",
30,shaped_chain,-1.78371482105655,0.0008411407470703125,0.05,0.1,0.0004141657485574635,2.0,20,0.97,2.0,0,False,"{""family"": ""shaped_chain"", ""n_states"": 20, ""intermediate_reward"": 0.05, ""reward_interval"": 5, ""terminal_reward"": 2.0, ""horizon"": 20, ""gamma"": 0.97, ""reward_bound"": 2.0}",
31,shaped_chain,-1.7900484188087025,0.0008335113525390625,0.05,0.1,0.0004060696332882612,2.0,20,0.95,2.0,0,False,"{""family"": ""shaped_chain"", ""n_states"": 20, ""intermediate_reward"": 0.1, ""reward_interval"": 3, ""terminal_reward"": 2.0, ""horizon"": 20, ""gamma"": 0.95, ""reward_bound"": 2.0}",
32,shaped_chain,-2.33455095979827,0.0,0.0,0.0,0.0,1.0,20,0.97,1.0,0,False,"{""family"": ""shaped_chain"", ""n_states"": 20, ""intermediate_reward"": 0.1, ""reward_interval"": 3, ""terminal_reward"": 1.0, ""horizon"": 20, ""gamma"": 0.97, ""reward_bound"": 1.0}",
33,shaped_chain,-1.7851930121857316,0.0008373260498046875,0.05,0.1,0.00041228744584291717,2.0,20,0.97,2.0,0,False,"{""family"": ""shaped_chain"", ""n_states"": 20, ""intermediate_reward"": 0.1, ""reward_interval"": 3, ""terminal_reward"": 2.0, ""horizon"": 20, ""gamma"": 0.97, ""reward_bound"": 2.0}",
34,shaped_chain,-2.33455095979827,0.0,0.0,0.0,0.0,1.0,20,0.95,1.0,0,False,"{""family"": ""shaped_chain"", ""n_states"": 20, ""intermediate_reward"": 0.1, ""reward_interval"": 5, ""terminal_reward"": 1.0, ""horizon"": 20, ""gamma"": 0.95, ""reward_bound"": 1.0}",
35,shaped_chain,-1.7856001903826417,0.000843048095703125,0.05,0.1,0.0004107157389322917,2.0,20,0.95,2.0,0,False,"{""family"": ""shaped_chain"", ""n_states"": 20, ""intermediate_reward"": 0.1, ""reward_interval"": 5, ""terminal_reward"": 2.0, ""horizon"": 20, ""gamma"": 0.95, ""reward_bound"": 2.0}",
36,shaped_chain,-2.33455095979827,0.0,0.0,0.0,0.0,1.0,20,0.97,1.0,0,False,"{""family"": ""shaped_chain"", ""n_states"": 20, ""intermediate_reward"": 0.1, ""reward_interval"": 5, ""terminal_reward"": 1.0, ""horizon"": 20, ""gamma"": 0.97, ""reward_bound"": 1.0}",
37,shaped_chain,-2.0916315007082327,0.00035953521728515625,0.05,0.05,0.00017703003084599064,2.0,20,0.97,2.0,0,False,"{""family"": ""shaped_chain"", ""n_states"": 20, ""intermediate_reward"": 0.1, ""reward_interval"": 5, ""terminal_reward"": 2.0, ""horizon"": 20, ""gamma"": 0.97, ""reward_bound"": 2.0}",
38,shaped_chain,-2.33455095979827,0.0,0.0,0.0,0.0,2.0,20,0.95,2.0,0,False,"{""family"": ""shaped_chain"", ""n_states"": 20, ""intermediate_reward"": 0.2, ""reward_interval"": 3, ""terminal_reward"": 2.0, ""horizon"": 20, ""gamma"": 0.95, ""reward_bound"": 2.0}",
39,shaped_chain,-2.33455095979827,0.0,0.0,0.0,0.0,1.0,20,0.97,1.0,0,False,"{""family"": ""shaped_chain"", ""n_states"": 20, ""intermediate_reward"": 0.2, ""reward_interval"": 3, ""terminal_reward"": 1.0, ""horizon"": 20, ""gamma"": 0.97, ""reward_bound"": 1.0}",
40,two_path_chain,-1.611005405463359,0.0011985301971435547,0.1,0.1,0.0005838993268135267,1.1,20,0.95,1.0,0,False,"{""family"": ""two_path_chain"", ""n_states"": 20, ""safe_reward"": 0.02, ""event_reward"": 0.5, ""event_prob"": 0.1, ""terminal_reward"": 1.0, ""horizon"": 20, ""gamma"": 0.95, ""reward_bound"": 1.1}",
41,two_path_chain,-1.608343300804231,0.0011985301971435547,0.1,0.1,0.0005901392341265218,1.1,20,0.97,1.0,0,False,"{""family"": ""two_path_chain"", ""n_states"": 20, ""safe_reward"": 0.02, ""event_reward"": 0.5, ""event_prob"": 0.1, ""terminal_reward"": 1.0, ""horizon"": 20, ""gamma"": 0.97, ""reward_bound"": 1.1}",
42,two_path_chain,-1.6105997294561778,0.0011985301971435547,0.1,0.1,0.0005838993268135267,1.1,20,0.95,1.0,0,False,"{""family"": ""two_path_chain"", ""n_states"": 20, ""safe_reward"": 0.02, ""event_reward"": 0.5, ""event_prob"": 0.2, ""terminal_reward"": 1.0, ""horizon"": 20, ""gamma"": 0.95, ""reward_bound"": 1.1}",
43,two_path_chain,-1.6069470504555174,0.0011985301971435547,0.1,0.1,0.0005838993268135267,1.1,20,0.95,1.0,0,False,"{""family"": ""two_path_chain"", ""n_states"": 20, ""safe_reward"": 0.02, ""event_reward"": 0.5, ""event_prob"": 0.3, ""terminal_reward"": 1.0, ""horizon"": 20, ""gamma"": 0.95, ""reward_bound"": 1.1}",
44,two_path_chain,-1.6105997294561778,0.0011985301971435547,0.1,0.1,0.0005838993268135267,1.1,20,0.95,1.0,0,False,"{""family"": ""two_path_chain"", ""n_states"": 20, ""safe_reward"": 0.02, ""event_reward"": 1.0, ""event_prob"": 0.1, ""terminal_reward"": 1.0, ""horizon"": 20, ""gamma"": 0.95, ""reward_bound"": 1.1}",
45,two_path_chain,-1.6237376612671983,0.0011985301971435547,0.1,0.1,0.0005838993268135267,1.6,20,0.95,1.0,0,False,"{""family"": ""two_path_chain"", ""n_states"": 20, ""safe_reward"": 0.02, ""event_reward"": 1.5, ""event_prob"": 0.1, ""terminal_reward"": 1.0, ""horizon"": 20, ""gamma"": 0.95, ""reward_bound"": 1.6}",
46,two_path_chain,-0.7810852081632432,0.0025048127398443255,0.25,0.2857142857142857,0.0012202933860780048,1.1,30,0.95,1.0,0,False,"{""family"": ""two_path_chain"", ""n_states"": 20, ""safe_reward"": 0.02, ""event_reward"": 0.5, ""event_prob"": 0.1, ""terminal_reward"": 1.0, ""horizon"": 30, ""gamma"": 0.95, ""reward_bound"": 1.1}",
47,two_path_chain,-1.606769571527241,0.0011985301971435547,0.1,0.1,0.0005901392341265218,1.1,20,0.97,1.0,0,False,"{""family"": ""two_path_chain"", ""n_states"": 20, ""safe_reward"": 0.02, ""event_reward"": 0.5, ""event_prob"": 0.2, ""terminal_reward"": 1.0, ""horizon"": 20, ""gamma"": 0.97, ""reward_bound"": 1.1}",
48,two_path_chain,-1.6023887106477124,0.0011985301971435547,0.1,0.1,0.0005901392341265218,1.1,20,0.97,1.0,0,False,"{""family"": ""two_path_chain"", ""n_states"": 20, ""safe_reward"": 0.02, ""event_reward"": 0.5, ""event_prob"": 0.3, ""terminal_reward"": 1.0, ""horizon"": 20, ""gamma"": 0.97, ""reward_bound"": 1.1}",
49,two_path_chain,-1.606769571527241,0.0011985301971435547,0.1,0.1,0.0005901392341265218,1.1,20,0.97,1.0,0,False,"{""family"": ""two_path_chain"", ""n_states"": 20, ""safe_reward"": 0.02, ""event_reward"": 1.0, ""event_prob"": 0.1, ""terminal_reward"": 1.0, ""horizon"": 20, ""gamma"": 0.97, ""reward_bound"": 1.1}",
50,two_path_chain,-1.6024874152574917,0.0011985301971435547,0.1,0.1,0.0005838993268135267,1.1,20,0.95,1.0,0,False,"{""family"": ""two_path_chain"", ""n_states"": 20, ""safe_reward"": 0.02, ""event_reward"": 1.0, ""event_prob"": 0.2, ""terminal_reward"": 1.0, ""horizon"": 20, ""gamma"": 0.95, ""reward_bound"": 1.1}",
51,two_path_chain,-1.5976564791526433,0.0011985301971435547,0.1,0.1,0.0005901392341265218,1.1,20,0.97,1.0,0,False,"{""family"": ""two_path_chain"", ""n_states"": 20, ""safe_reward"": 0.02, ""event_reward"": 1.0, ""event_prob"": 0.2, ""terminal_reward"": 1.0, ""horizon"": 20, ""gamma"": 0.97, ""reward_bound"": 1.1}",
52,two_path_chain,-1.592586439058556,0.0011985301971435547,0.1,0.1,0.0005838993268135267,1.1,20,0.95,1.0,0,False,"{""family"": ""two_path_chain"", ""n_states"": 20, ""safe_reward"": 0.02, ""event_reward"": 1.0, ""event_prob"": 0.3, ""terminal_reward"": 1.0, ""horizon"": 20, ""gamma"": 0.95, ""reward_bound"": 1.1}",
53,two_path_chain,-1.5871379043158829,0.0011985301971435547,0.1,0.1,0.0005901392341265218,1.1,20,0.97,1.0,0,False,"{""family"": ""two_path_chain"", ""n_states"": 20, ""safe_reward"": 0.02, ""event_reward"": 1.0, ""event_prob"": 0.3, ""terminal_reward"": 1.0, ""horizon"": 20, ""gamma"": 0.97, ""reward_bound"": 1.1}",
54,two_path_chain,-1.675315173719377,0.0010815928318555147,0.1,0.1,0.0005325609375126138,1.6,20,0.97,1.0,0,False,"{""family"": ""two_path_chain"", ""n_states"": 20, ""safe_reward"": 0.02, ""event_reward"": 1.5, ""event_prob"": 0.1, ""terminal_reward"": 1.0, ""horizon"": 20, ""gamma"": 0.97, ""reward_bound"": 1.6}",
55,two_path_chain,-1.6219952309900176,0.0011985301971435547,0.1,0.1,0.0005838993268135267,1.6,20,0.95,1.0,0,False,"{""family"": ""two_path_chain"", ""n_states"": 20, ""safe_reward"": 0.02, ""event_reward"": 1.5, ""event_prob"": 0.2, ""terminal_reward"": 1.0, ""horizon"": 20, ""gamma"": 0.95, ""reward_bound"": 1.6}",
56,two_path_chain,-1.61902769906842,0.0011985301971435547,0.1,0.1,0.0005901392341265218,1.6,20,0.97,1.0,0,False,"{""family"": ""two_path_chain"", ""n_states"": 20, ""safe_reward"": 0.02, ""event_reward"": 1.5, ""event_prob"": 0.2, ""terminal_reward"": 1.0, ""horizon"": 20, ""gamma"": 0.97, ""reward_bound"": 1.6}",
57,two_path_chain,-1.6166223512201856,0.0011985301971435547,0.1,0.1,0.0005838993268135267,1.6,20,0.95,1.0,0,False,"{""family"": ""two_path_chain"", ""n_states"": 20, ""safe_reward"": 0.02, ""event_reward"": 1.5, ""event_prob"": 0.3, ""terminal_reward"": 1.0, ""horizon"": 20, ""gamma"": 0.95, ""reward_bound"": 1.6}",
58,two_path_chain,-1.6120315313296474,0.0011985301971435547,0.1,0.1,0.0005901392341265218,1.6,20,0.97,1.0,0,False,"{""family"": ""two_path_chain"", ""n_states"": 20, ""safe_reward"": 0.02, ""event_reward"": 1.5, ""event_prob"": 0.3, ""terminal_reward"": 1.0, ""horizon"": 20, ""gamma"": 0.97, ""reward_bound"": 1.6}",
59,two_path_chain,-0.7877832992432451,0.0024815652441574514,0.25,0.2857142857142857,0.0012218874552450394,1.1,30,0.97,1.0,0,False,"{""family"": ""two_path_chain"", ""n_states"": 20, ""safe_reward"": 0.02, ""event_reward"": 0.5, ""event_prob"": 0.1, ""terminal_reward"": 1.0, ""horizon"": 30, ""gamma"": 0.97, ""reward_bound"": 1.1}",
60,dense_grid_hazard,0.04309457240140824,0.0034742339285701064,0.3,0.55,0.0016925755036623594,2.0,20,0.95,1.0,0,False,"{""family"": ""dense_grid_hazard"", ""grid_size"": [5, 4], ""step_cost"": -0.02, ""hazard_penalty"": -1.0, ""hazard_prob"": 0.1, ""terminal_reward"": 1.0, ""horizon"": 20, ""gamma"": 0.95, ""reward_bound"": 2.0}",
61,dense_grid_hazard,-0.14261353645944486,0.002880932121209258,0.3,0.6,0.001418530029224863,2.0,20,0.97,1.0,0,False,"{""family"": ""dense_grid_hazard"", ""grid_size"": [5, 4], ""step_cost"": -0.02, ""hazard_penalty"": -1.0, ""hazard_prob"": 0.1, ""terminal_reward"": 1.0, ""horizon"": 20, ""gamma"": 0.97, ""reward_bound"": 2.0}",
62,dense_grid_hazard,0.5551547388514044,0.004288372726917847,0.35,0.65,0.0020892072259343355,2.0,20,0.95,1.0,0,False,"{""family"": ""dense_grid_hazard"", ""grid_size"": [5, 4], ""step_cost"": -0.02, ""hazard_penalty"": -1.0, ""hazard_prob"": 0.2, ""terminal_reward"": 1.0, ""horizon"": 20, ""gamma"": 0.95, ""reward_bound"": 2.0}",
63,dense_grid_hazard,0.45557556290193446,0.004073003054095161,0.35,0.65,0.001984283539174566,2.5,20,0.95,1.0,0,False,"{""family"": ""dense_grid_hazard"", ""grid_size"": [5, 4], ""step_cost"": -0.02, ""hazard_penalty"": -1.5, ""hazard_prob"": 0.1, ""terminal_reward"": 1.0, ""horizon"": 20, ""gamma"": 0.95, ""reward_bound"": 2.5}",
64,dense_grid_hazard,0.31781205705400095,0.0037677657554252356,0.35,0.65,0.0018355781885404994,3.0,20,0.95,1.0,0,False,"{""family"": ""dense_grid_hazard"", ""grid_size"": [5, 4], ""step_cost"": -0.02, ""hazard_penalty"": -2.0, ""hazard_prob"": 0.1, ""terminal_reward"": 1.0, ""horizon"": 20, ""gamma"": 0.95, ""reward_bound"": 3.0}",
65,dense_grid_hazard,-0.0607057692614294,0.0030765870938643373,0.3,0.6,0.0014988501226518565,2.0,20,0.95,1.0,0,False,"{""family"": ""dense_grid_hazard"", ""grid_size"": [5, 4], ""step_cost"": -0.05, ""hazard_penalty"": -1.0, ""hazard_prob"": 0.1, ""terminal_reward"": 1.0, ""horizon"": 20, ""gamma"": 0.95, ""reward_bound"": 2.0}",
66,dense_grid_hazard,-0.16663268031651884,0.0029435029109778333,0.2857142857142857,0.5714285714285714,0.0014340142386815085,2.0,30,0.95,1.0,0,False,"{""family"": ""dense_grid_hazard"", ""grid_size"": [5, 4], ""step_cost"": -0.02, ""hazard_penalty"": -1.0, ""hazard_prob"": 0.1, ""terminal_reward"": 1.0, ""horizon"": 30, ""gamma"": 0.95, ""reward_bound"": 2.0}",
67,dense_grid_hazard,-0.14384667991766997,0.002878192611414647,0.3,0.6,0.0014171811335391914,2.0,20,0.97,1.0,0,False,"{""family"": ""dense_grid_hazard"", ""grid_size"": [5, 4], ""step_cost"": -0.02, ""hazard_penalty"": -1.0, ""hazard_prob"": 0.2, ""terminal_reward"": 1.0, ""horizon"": 20, ""gamma"": 0.97, ""reward_bound"": 2.0}",
68,dense_grid_hazard,-0.2501078653446852,0.002644821280086273,0.3,0.6,0.0013022724069460328,2.5,20,0.97,1.0,0,False,"{""family"": ""dense_grid_hazard"", ""grid_size"": [5, 4], ""step_cost"": -0.02, ""hazard_penalty"": -1.5, ""hazard_prob"": 0.1, ""terminal_reward"": 1.0, ""horizon"": 20, ""gamma"": 0.97, ""reward_bound"": 2.5}",
69,dense_grid_hazard,0.45559486460598025,0.004073003054095161,0.35,0.65,0.001984283539174566,2.5,20,0.95,1.0,0,False,"{""family"": ""dense_grid_hazard"", ""grid_size"": [5, 4], ""step_cost"": -0.02, ""hazard_penalty"": -1.5, ""hazard_prob"": 0.2, ""terminal_reward"": 1.0, ""horizon"": 20, ""gamma"": 0.95, ""reward_bound"": 2.5}",
70,dense_grid_hazard,-0.2500919922464878,0.002644821280086273,0.3,0.6,0.0013022724069460328,2.5,20,0.97,1.0,0,False,"{""family"": ""dense_grid_hazard"", ""grid_size"": [5, 4], ""step_cost"": -0.02, ""hazard_penalty"": -1.5, ""hazard_prob"": 0.2, ""terminal_reward"": 1.0, ""horizon"": 20, ""gamma"": 0.97, ""reward_bound"": 2.5}",
71,dense_grid_hazard,-0.38020761675228343,0.002355954457061438,0.25,0.6,0.0011600384890099466,3.0,20,0.97,1.0,0,False,"{""family"": ""dense_grid_hazard"", ""grid_size"": [5, 4], ""step_cost"": -0.02, ""hazard_penalty"": -2.0, ""hazard_prob"": 0.1, ""terminal_reward"": 1.0, ""horizon"": 20, ""gamma"": 0.97, ""reward_bound"": 3.0}",
72,dense_grid_hazard,0.31783396228227667,0.0037677657554252356,0.35,0.65,0.0018355781885404994,3.0,20,0.95,1.0,0,False,"{""family"": ""dense_grid_hazard"", ""grid_size"": [5, 4], ""step_cost"": -0.02, ""hazard_penalty"": -2.0, ""hazard_prob"": 0.2, ""terminal_reward"": 1.0, ""horizon"": 20, ""gamma"": 0.95, ""reward_bound"": 3.0}",
73,dense_grid_hazard,-0.3801906571748105,0.002355954457061438,0.25,0.6,0.0011600384890099466,3.0,20,0.97,1.0,0,False,"{""family"": ""dense_grid_hazard"", ""grid_size"": [5, 4], ""step_cost"": -0.02, ""hazard_penalty"": -2.0, ""hazard_prob"": 0.2, ""terminal_reward"": 1.0, ""horizon"": 20, ""gamma"": 0.97, ""reward_bound"": 3.0}",
74,dense_grid_hazard,-0.13344147352233338,0.0029017225716574174,0.3,0.6,0.0014287669515267484,2.0,20,0.97,1.0,0,False,"{""family"": ""dense_grid_hazard"", ""grid_size"": [5, 4], ""step_cost"": -0.05, ""hazard_penalty"": -1.0, ""hazard_prob"": 0.1, ""terminal_reward"": 1.0, ""horizon"": 20, ""gamma"": 0.97, ""reward_bound"": 2.0}",
75,dense_grid_hazard,-0.05731015246815441,0.0030842164883955873,0.3,0.6,0.001502567007167081,2.0,20,0.95,1.0,0,False,"{""family"": ""dense_grid_hazard"", ""grid_size"": [5, 4], ""step_cost"": -0.05, ""hazard_penalty"": -1.0, ""hazard_prob"": 0.2, ""terminal_reward"": 1.0, ""horizon"": 20, ""gamma"": 0.95, ""reward_bound"": 2.0}",
76,dense_grid_hazard,-0.11408703224671451,0.0029451187216072016,0.3,0.6,0.001450134598963952,2.0,20,0.97,1.0,0,False,"{""family"": ""dense_grid_hazard"", ""grid_size"": [5, 4], ""step_cost"": -0.05, ""hazard_penalty"": -1.0, ""hazard_prob"": 0.2, ""terminal_reward"": 1.0, ""horizon"": 20, ""gamma"": 0.97, ""reward_bound"": 2.0}",
77,dense_grid_hazard,-0.06125098135981111,0.0030815855947610668,0.3,0.6,0.0015012852897553915,2.5,20,0.95,1.0,0,False,"{""family"": ""dense_grid_hazard"", ""grid_size"": [5, 4], ""step_cost"": -0.05, ""hazard_penalty"": -1.5, ""hazard_prob"": 0.1, ""terminal_reward"": 1.0, ""horizon"": 20, ""gamma"": 0.95, ""reward_bound"": 2.5}",
78,dense_grid_hazard,-0.2561112700144258,0.002631523662995063,0.3,0.6,0.0012957248492919853,2.5,20,0.97,1.0,0,False,"{""family"": ""dense_grid_hazard"", ""grid_size"": [5, 4], ""step_cost"": -0.05, ""hazard_penalty"": -1.5, ""hazard_prob"": 0.1, ""terminal_reward"": 1.0, ""horizon"": 20, ""gamma"": 0.97, ""reward_bound"": 2.5}",
79,dense_grid_hazard,-0.06009283898416912,0.003084208199131184,0.3,0.6,0.0015025629688075,2.5,20,0.95,1.0,0,False,"{""family"": ""dense_grid_hazard"", ""grid_size"": [5, 4], ""step_cost"": -0.05, ""hazard_penalty"": -1.5, ""hazard_prob"": 0.2, ""terminal_reward"": 1.0, ""horizon"": 20, ""gamma"": 0.95, ""reward_bound"": 2.5}",
